image_id,ground_truth_building_pixels,predicted_building_pixels,true_positive,false_positive,false_negative,true_negative,false_positive_rate,false_negative_rate,iou,dice,precision,recall
img1093,72341,116210,63520,52690,8821,297469,0.15047449872772084,0.12193638462282799,0.508034007566083,0.6737699614427569,0.5465966784269386,0.8780636153770507
img1595,95605,111204,74365,36839,21240,290056,0.11269367839826244,0.22216411275560902,0.5614825888677054,0.7191659937429841,0.668725945109828,0.7778358872443096
img608,14883,36878,13336,23542,1547,384075,0.057755196667459895,0.10394409729221259,0.3470657124267152,0.5152914356367699,0.3616248169639455,0.8960559027071853
img1511,69433,68614,48453,20161,20980,332906,0.057102476300532196,0.3021617962640243,0.5408063039935107,0.7019783117343584,0.7061678374674694,0.6978382037358752
img1235,12492,19079,11931,7148,561,402860,0.017433806169635715,0.044908741594620556,0.6074847250506071,0.755820214753807,0.6253472404210779,0.9550912584046148
img681,77073,98805,65269,33536,11804,311891,0.09708563603887363,0.15315350382105278,0.5900876058909682,0.742207666677996,0.6605839785435291,0.8468464961788373
img1047,77885,113129,70159,42970,7726,301645,0.12468987130565994,0.09919753482698851,0.5805221132761921,0.734595369972843,0.6201681266518205,0.900802465172896
img1601,77211,71336,57135,14201,20076,331088,0.041127866801433,0.26001476473559465,0.6250273487068848,0.7692514826956606,0.8009280026913759,0.7399852352643095
img1179,83353,106549,71014,35535,12339,303612,0.10477757432617714,0.14803306419684956,0.5973184846241338,0.7479015492200847,0.6664914734065391,0.8519669358030483
img1451,92987,131369,85041,46328,7946,283185,0.14059536346062218,0.08545280523083872,0.6104224240031144,0.7580898215336003,0.64734450288876,0.914547194769063
img243,29713,35439,22543,12896,7170,379891,0.032832043830371166,0.24130851815703563,0.5290666291157904,0.6920125245578506,0.636107113631695,0.758691481842709
img372,160,0,0,0,160,422340,0.0,1.0,0.0,0.0,0.0,0.0
img387,68094,94862,59331,35531,8763,318875,0.10025507468835178,0.1286897524010926,0.5725548854040461,0.7281842951471116,0.6254453838206421,0.8713102475987795
img260,8101,4804,3600,1204,4501,413195,0.0029054124165357543,0.555610418466856,0.386888769478359,0.5579232855478048,0.7493755203981071,0.4443895815325955
img793,1353,1497,1187,310,166,420837,0.0007360850249437845,0.12269031781226904,0.713770294643934,0.8329824561374282,0.79291917167139,0.8773096821812468
img1223,95289,119102,74357,44745,20932,282466,0.1367466252662655,0.21966858714017357,0.5309924732564569,0.6936578494432745,0.6243136135412819,0.7803314128597445
img75,19666,112341,18171,94170,1495,308664,0.23376874841746229,0.07601952608563002,0.159624371903426,0.2753035823857617,0.1617486046946206,0.9239804739139
img1278,4853,9770,3893,5877,960,411770,0.014071692122773538,0.19781578405110242,0.3628145386762695,0.5324488818980151,0.3984646878194488,0.8021842159472446
img1036,2614,1924,1436,488,1178,419398,0.0011622202216792178,0.4506503442999235,0.4629271437767153,0.6328779197870584,0.7463617463578672,0.549349655697975
img109,16653,27362,13732,13630,2921,392217,0.033584084642734824,0.17540383114153607,0.4534557342401831,0.6239691014425482,0.5018638988376208,0.8245961688579687
img913,63056,89942,52511,37431,10545,322013,0.10413583200721113,0.16723230144633341,0.5225651079243562,0.6864272735590866,0.5838318027172418,0.8327676985535345
img867,114168,152239,94351,57888,19817,250444,0.18774567673806156,0.17357753486090674,0.5483737852791795,0.7083222287702384,0.6197557787425941,0.8264224651390208
img1081,50449,58862,39821,19041,10628,353010,0.05117846746816969,0.21066819956788044,0.5730464815080483,0.7285817529799629,0.6765145594779864,0.7893318004319632
img168,66395,69454,50103,19351,16292,336754,0.054340714115218826,0.24537992318698698,0.5843188020431759,0.7376278073448653,0.7213839375700865,0.7546200768128994
img1629,53,875,0,875,53,421572,0.00207126574457861,1.0,0.0,0.0,0.0,0.0
img317,7227,7223,4878,2345,2349,412928,0.00564688771001245,0.32503113325031135,0.5096113664850505,0.6751557093420932,0.6753426554054058,0.6749688667487547
img1636,176,15110,165,14945,11,407379,0.03538752237618511,0.0625,0.0109119767211091,0.0215883815255648,0.0109199205823885,0.9374999999467328
img1727,43167,60613,35960,24653,7207,354680,0.06499039102846312,0.1669562397201566,0.530227071660199,0.6930044324531998,0.5932720703478473,0.8330437602796504
img648,89180,175693,82106,93587,7074,239733,0.2807722308892356,0.0793227180982283,0.4492386481147882,0.6199650398492629,0.4673265297991116,0.9206772819016684
img1331,26345,44820,21493,23327,4852,372828,0.05888351781499666,0.18417156955779085,0.4326985021741761,0.6040328813320307,0.4795403837571442,0.8158284304418995
img1180,80225,104563,68298,36265,11927,306010,0.10595281571835512,0.14866936740417575,0.5862992531547269,0.7392038444054408,0.6531755974866202,0.8513306325957182
img998,57915,79904,45351,34553,12564,330032,0.09477350960681323,0.21693861693861693,0.49045075052986,0.6581240612687177,0.5675685822986875,0.7830613830612478
img235,16505,16630,12163,4467,4342,401528,0.011002598554169386,0.26307179642532563,0.5799637612051401,0.7341481816807804,0.7313890559225908,0.7369282035742278
img956,104219,151136,88961,62175,15258,256106,0.1953462506401576,0.14640324700870283,0.5346406721395882,0.6967633294824579,0.5886155515561753,0.8535967529912153
img1013,19460,28070,12686,15384,6774,387656,0.03816990869392616,0.3480986639260021,0.3640798989781988,0.533810225120864,0.4519415746346804,0.651901336073663
img1544,10304,22955,9016,13939,1288,398257,0.03381643684072626,0.125,0.3719011673471221,0.542169036952241,0.3927684600303233,0.8749999999991508
img1807,14817,12910,8276,4634,6541,403049,0.011366674597665343,0.4414523857730985,0.4254794097987633,0.5969632488186255,0.6410534469398598,0.5585476142265245
img833,47015,69033,41528,27505,5487,347980,0.07325192750709084,0.11670743379772414,0.557273215244155,0.7157038466840691,0.601567366331957,0.8832925662020881
img174,89952,98923,69255,29668,20697,302880,0.08921418862840853,0.2300893810032017,0.5789583681658101,0.7333421575115429,0.7000899689656905,0.7699106189967128
img1592,83472,130564,65105,65459,18367,273569,0.19307844779782202,0.2200378570059421,0.4371487467350358,0.6083556037301852,0.498644343004159,0.7799621429939645
img1496,74871,85372,51529,33843,23342,313786,0.0973537880901766,0.3117628988526933,0.4739867910296306,0.6431357375984821,0.6035819706694697,0.6882371011472148
img191,28829,23024,14736,8288,14093,385383,0.021053112878520387,0.4888480349647924,0.3970148449496465,0.5683759859602013,0.6400277970810284,0.5111519650350302
img1142,76950,102269,67237,35032,9713,310518,0.10138040804514542,0.12622482131254062,0.6004268543158185,0.7503333909908686,0.6574524049320266,0.8737751786873459
img638,39625,39687,27928,11759,11697,371116,0.030712373490042442,0.29519242902208204,0.5435154912033817,0.7042566068185515,0.7037065033888418,0.7048075709777402
img390,50519,72159,40899,31260,9620,340721,0.08403655025391082,0.19042340505552366,0.500116166742012,0.6667699179966525,0.5667900054046527,0.8095765949443161
img118,111395,95479,71630,23849,39765,287256,0.07665900580189967,0.3569729341532385,0.5296353257815112,0.6924988157042116,0.7502173252756366,0.6430270658467038
img241,70294,118455,65899,52556,4395,299650,0.14921949086614084,0.06252311719350158,0.5364183964183528,0.6982712491191636,0.5563209657675441,0.9374768828063652
img1454,81680,129126,70187,58939,11493,281881,0.1729329264714512,0.14070763956904994,0.49912885171986,0.665891862660424,0.5435543577590459,0.8592923604308449
img1461,70996,94061,57081,36980,13915,314524,0.10520506167781875,0.19599695757507465,0.5286452545009512,0.6916519747723094,0.6068508733693447,0.8040030424248121
img1509,107337,160370,97998,62372,9339,252791,0.19790394176981435,0.08700634450375919,0.5774472773983361,0.7321287825869054,0.6110743904719953,0.9129936554961556
img780,57112,72960,49409,23551,7703,341837,0.06445477136632839,0.13487533267964702,0.6125361070130528,0.7597176948151209,0.6772066885963984,0.8651246673202015
img960,84143,119638,71547,48091,12596,290266,0.14213094453491432,0.14969753871385616,0.5410635691274149,0.7021950034595619,0.5980290543137968,0.8503024612860428
img555,46656,45324,27052,18272,19604,357572,0.04861591511371739,0.42018175582990397,0.4166461310989994,0.5882148293106558,0.5968581766833032,0.5798182441699717
img332,96246,121042,78393,42649,17853,283605,0.1307233014767635,0.1854934231032978,0.5644047661902469,0.7215584845918448,0.6476512284991451,0.8145065768966177
img703,35036,44514,26806,17708,8230,369756,0.04570231040819276,0.23490124443429616,0.5082284240860556,0.6739409176617632,0.6021925686299586,0.7650987555654856
img1170,44040,62331,35157,27174,8883,351286,0.07180151138825767,0.20170299727520435,0.493681017777334,0.6610260315310883,0.5640371564710074,0.7982970027246145
img137,51279,70202,43750,26452,7529,344769,0.07125674463459772,0.1468242360420445,0.5628385071592334,0.7202772450012166,0.6232016181874273,0.8531757639577892
img641,97286,134242,85742,48500,11544,276714,0.14913257116852288,0.11866044446271817,0.5881360350101801,0.7406620365571015,0.6387121765169887,0.8813395555371912
img510,251741,279195,236761,42434,14980,128325,0.2485022751363032,0.05950560298084142,0.8048304580606508,0.8918626727138319,0.8480130374827325,0.9404943970191212
img693,89420,89201,69917,19284,19503,313796,0.05789600096073016,0.21810556922388727,0.6431870032380922,0.7828530799849522,0.7838140828016744,0.7818944307760253
img1754,3624,7626,2802,4824,822,414052,0.011516534726267439,0.22682119205298013,0.3316761363632437,0.4981333333328905,0.3674272226588416,0.7731788079448864
img304,70916,93142,59211,33931,11705,317653,0.09650894238645673,0.16505443059394212,0.5647371884745807,0.7218300844822731,0.635706770307634,0.8349455694059401
img907,37128,53066,29737,23329,7391,362043,0.06053631296513499,0.1990680887739711,0.4918702548918253,0.6594008470629245,0.5603776429351072,0.8009319112258132
img1700,799,983,644,339,155,421362,0.0008038871143298214,0.1939924906132666,0.5659050966558357,0.7227833894460002,0.6551373346830607,0.8060075093766457
img90,5786,18174,5015,13159,771,403555,0.03157801273775299,0.13325267888005532,0.2647136447610109,0.4186143572619288,0.2759436557718301,0.8667473211184467
img653,59466,85829,45669,40160,13797,322874,0.11062324740933356,0.23201493290283523,0.4584044325777951,0.6286382876216918,0.5320928823590474,0.7679850670970356
img1400,101733,154602,87282,67320,14451,253447,0.20987196313835277,0.14204830291056,0.5162996220120012,0.6809994733454002,0.564559320060506,0.8579516970893557
img674,31479,20370,13825,6545,17654,384476,0.016738231450484756,0.5608183233266623,0.3635861561118337,0.5332793303630672,0.6786941580752681,0.4391816766731982
img1446,86437,116756,69855,46901,16582,289162,0.13956014199718506,0.1918391429596122,0.523894163704231,0.6875728986726566,0.5982990167528351,0.8081608570402943
img197,34761,50351,31155,19196,3606,368543,0.04950752954951656,0.10373694657806162,0.5774042292935898,0.7320941817839163,0.6187563305593496,0.8962630534216807
img1633,36656,48523,31202,17321,5454,368523,0.04489119955215061,0.14878873854212135,0.5780610259924454,0.732621890371954,0.6430352616283735,0.8512112614576465
img385,75246,89143,61648,27495,13598,319759,0.0791783535970788,0.18071392499269065,0.6000330929229227,0.7500258533113072,0.6915629942899957,0.8192860750072005
img1086,73177,107336,64960,42376,8217,306947,0.1213089318481749,0.11228938054306681,0.5621662786772683,0.7197265570900312,0.6052023552209319,0.887710619456812
img283,18234,21754,14583,7171,3651,397095,0.01773832080857653,0.2002303389272787,0.5740208620348065,0.7293688106430106,0.6703594741193939,0.7997696610722826
img651,77382,95381,61483,33898,15899,311220,0.09822147787133675,0.20546121837119743,0.55250718907256,0.7117611988677719,0.6446042712908604,0.7945387816287
img652,75340,99675,62793,36882,12547,310278,0.10623919806429312,0.16653835943721795,0.559542692163697,0.7175727794760038,0.6299774266365057,0.8334616405626715
img1092,39843,53643,32680,20963,7163,361694,0.05478274276963443,0.1797806390081068,0.5374469624707204,0.6991421175362408,0.6092127584213021,0.8202193609916874
img792,65594,84058,54175,29883,11419,327023,0.08372792836208974,0.17408604445528555,0.5674141416256724,0.7240130435944241,0.6444954674152794,0.8259139555445886
img1270,100622,158464,87725,70739,12897,251139,0.21976960214739746,0.12817276539921688,0.511930952783859,0.6771882695320983,0.5535957693860717,0.8718272346006966
img1052,90417,99559,74017,25542,16400,306541,0.07691450631318074,0.18138181979052612,0.6383031933700154,0.7792247441781709,0.7434486083628057,0.8186181802093834
img305,113642,141272,92876,48396,20766,260462,0.15669336717844445,0.1827317365058693,0.5731741937076134,0.728684968263778,0.6574268078599681,0.8172682634940588
img969,62776,80317,49073,31244,13703,328480,0.08685547808875693,0.2182840576016312,0.5219421399701636,0.6858895962764995,0.610991446393589,0.7817159423982443
img863,87563,129413,78246,51167,9317,283770,0.15276604256919957,0.10640338955951714,0.5640164348013721,0.7212410589189255,0.6046224104223993,0.8935966104403809
img392,3036,1625,1412,213,1624,419251,0.0005077908950470124,0.5349143610013175,0.434595260078687,0.6058785668298522,0.8689230769177297,0.4650856389971506
img816,64868,80620,51845,28775,13023,328857,0.08045980225483178,0.20076154652525127,0.5536452270857882,0.7127048278895364,0.6430786405357675,0.7992384534746255
img1010,66967,81279,51885,29394,15082,326139,0.0826758697504873,0.2252154046022668,0.5384439762974089,0.6999851598019036,0.6383567711216135,0.7747845953976176
img1420,4314,6292,2976,3316,1338,414870,0.007929485922532079,0.3101529902642559,0.3900393184791743,0.5611917782382037,0.4729815638899031,0.689847009734145
img1459,55542,42263,31944,10319,23598,356639,0.028120384349162576,0.42486766771092144,0.4850214846418237,0.6532181381319305,0.75583844024306,0.575132332288975
img512,3974,30081,2682,27399,1292,391127,0.0654654669005032,0.32511323603422243,0.0854875211168566,0.1575099104389495,0.0891592699710484,0.6748867639640793
img1735,16308,51020,15677,35343,631,370849,0.08701057627919802,0.038692666176109884,0.3035178408936316,0.4656903517109574,0.3072716581732052,0.9613073338233006
img328,75006,90002,62477,27525,12529,319969,0.07921000074821435,0.16703997013572247,0.6093474168787382,0.7572602540482426,0.6941734628118604,0.8329600298641665
img1230,96910,193498,75853,117645,21057,207945,0.3613286648852852,0.21728407801052524,0.3535363892707998,0.5223891903804123,0.392009219733517,0.782715921989394
img1540,72743,106833,64701,42132,8042,307625,0.12046077705378305,0.11055359278556012,0.5632295973884167,0.7205974072258697,0.6056274746566506,0.8894464072143177
img691,83508,119664,70272,49392,13236,289600,0.14570255345258884,0.15849978445178906,0.5287584650112469,0.6917488630322736,0.5872442839951375,0.8415002155481102
img478,72392,112118,66700,45418,5692,304690,0.1297256846458807,0.07862747264891148,0.5661658602834593,0.7229960435748347,0.5949089352289022,0.9213725273509612
