image_id,true_positive,false_positive,false_negative,true_negative,ground_truth_building_pixels,predicted_building_pixels,ground_truth_coverage_percent,predicted_coverage_percent,iou,dice,precision,recall,false_positive_rate,false_negative_rate,coverage_difference
img1093,61389,28861,10952,321298,72341,90250,17.122130177514794,21.360946745562128,0.6065986838198785,0.7551340480095731,0.6802105263150358,0.84860590812838,0.08242255660999717,0.15139409187044692,4.2388165680473335
img1595,59016,19845,36589,307050,95605,78861,22.628402366863902,18.66532544378698,0.5111823300125499,0.676532963442346,0.7483547000408968,0.6172898906954476,0.06070756664984169,0.3827101093039067,-3.9630769230769225
img608,12331,11438,2552,396179,14883,23769,3.522603550295858,5.625798816568048,0.4684852399207154,0.6380523646884041,0.5187849720201995,0.8285291943772859,0.028060654977589257,0.1714708056171471,2.1031952662721904
img1511,56312,15147,13121,337920,69433,71459,16.433846153846154,16.91337278106509,0.6657838732553018,0.7993640518973403,0.7880322982398466,0.8110264571589719,0.04290120572016076,0.18897354283986,0.47952662721893446
img1235,9796,1398,2696,408610,12492,11194,2.9566863905325445,2.649467455621302,0.7052555795485582,0.8271552815974536,0.8751116669566275,0.784181876394619,0.0034096895670328383,0.21581812359910343,-0.3072189349112424
img681,66485,24275,10588,321152,77073,90760,18.24213017751479,21.481656804733728,0.6560070252983226,0.7922756549660721,0.7325363596289858,0.8626237463173062,0.07027534037582471,0.1373762536815746,3.239526627218936
img1047,69141,19365,8744,325250,77885,88506,18.43431952662722,20.948165680473373,0.7109614395879579,0.8310665841296518,0.7812012744889825,0.8877319124338605,0.05619314307270432,0.11226808756499967,2.5138461538461527
img1601,62566,13812,14645,331477,77211,76378,18.27479289940829,18.07763313609468,0.6873647319900603,0.8147198041521106,0.8191625860839258,0.8103249536972578,0.04000127429486604,0.18967504630169277,-0.19715976331361063
img1179,68891,33698,14462,305449,83353,102589,19.72852071005917,24.281420118343195,0.5885554160147384,0.7409945036620339,0.6715242374906943,0.8264969467195824,0.09936104403105438,0.17350305327942606,4.552899408284027
img1451,81937,22025,11050,307488,92987,103962,22.008757396449703,24.606390532544378,0.7124213125580701,0.8320631229400341,0.7881437448290836,0.8811661845194692,0.06684106545113547,0.11883381547958317,2.597633136094675
img243,23989,15452,5724,377335,29713,39441,7.032662721893492,9.335147928994084,0.5311413705291018,0.6937848859058134,0.608224943585081,0.807357049100369,0.03933938750518729,0.1926429508969138,2.3024852071005926
img372,0,0,160,422340,160,0,0.0378698224852071,0.0,0.0,0.0,0.0,0.0,0.0,1.0,-0.0378698224852071
img387,60703,27493,7391,326913,68094,88196,16.116923076923076,20.874792899408284,0.6350549760944113,0.7767995393174376,0.6882738446180232,0.8914588656843606,0.07757487175725016,0.10854113431433018,4.757869822485208
img260,6083,2538,2018,411861,8101,8621,1.917396449704142,2.040473372781065,0.5717642635532308,0.7275445520827201,0.7056025982982762,0.7508949512313184,0.006124532153793808,0.24910504875941242,0.12307692307692308
img793,778,209,575,420938,1353,987,0.3202366863905325,0.2336094674556212,0.4980793853714417,0.664957264928848,0.7882472136992658,0.5750184774150023,0.0004962637748814547,0.42498152254249816,-0.0866272189349113
img1223,75380,37378,19909,289833,95289,112758,22.553609467455622,26.68828402366864,0.5681895271615638,0.7246439506454192,0.6685113251381999,0.7910671745943487,0.11423210099904954,0.2089328254048211,4.134674556213017
img75,11502,14362,8164,388472,19666,25864,4.654674556213018,6.121656804733728,0.3380157517328728,0.5052492861838233,0.4447107949255927,0.5848672836337594,0.035652402726681465,0.41513271636326654,1.4669822485207105
img1278,3407,8200,1446,409447,4853,11607,1.148639053254438,2.747218934911243,0.2610127939917183,0.4139732685272541,0.2935297665176744,0.7020399752585609,0.01963380558222614,0.297960024726973,1.5985798816568049
img1036,2236,1673,378,418213,2614,3909,0.6186982248520709,0.925207100591716,0.5215768602630843,0.6855741223258383,0.5720133026203118,0.855394032101936,0.0039844148173551865,0.14460596786534047,0.306508875739645
img109,9941,8216,6712,397631,16653,18157,3.9415384615384617,4.297514792899408,0.3997346093514024,0.5711577132991349,0.5475023406920333,0.5969494985852581,0.020244082129472436,0.40305050141115717,0.3559763313609463
img913,53337,27444,9719,332000,63056,80781,14.924497041420118,19.119763313609468,0.5893591160214482,0.7416311519284039,0.6602666468592117,0.8458671656926449,0.07635125360278652,0.1541328343060137,4.19526627218935
img867,62412,21236,51756,287096,114168,83648,27.022011834319525,19.79834319526627,0.4609317302291949,0.6310106361464032,0.7461266258598578,0.5466680681096746,0.06887381134621123,0.45333193188984655,-7.223668639053255
img1081,42410,14860,8039,357191,50449,57270,11.940591715976332,13.555029585798817,0.6493745119345735,0.7874191182606713,0.7405273266968037,0.8406509544275592,0.039940760809673945,0.15934904557077445,1.6144378698224848
img168,47949,14451,18446,341654,66395,62400,15.714792899408284,14.76923076923077,0.5930905672505837,0.7445785938889362,0.7684134615372301,0.7221778748388852,0.0405807275943893,0.27782212516002713,-0.9455621301775139
img1629,0,9,53,422438,53,9,0.0125443786982248,0.0021301775147928,0.0,0.0,0.0,0.0,2.1304447658522845e-05,1.0,-0.010414201183432
img317,5917,1555,1310,413718,7227,7472,1.7105325443786985,1.7685207100591718,0.6737645183252816,0.8050887815442881,0.7918897216168109,0.8187352981760242,0.0037445246861703024,0.181264701812647,0.05798816568047327
img1636,176,2520,0,419804,176,2696,0.0416568047337278,0.6381065088757396,0.0652818991073708,0.12256267409044,0.0652818991073708,0.9999999994318182,0.005966982695750182,0.0,0.5964497041420118
img1727,30540,12299,12627,367034,43167,42839,10.217041420118344,10.139408284023668,0.5506075794170292,0.7101830104868146,0.712901795091592,0.7074848842849689,0.032422699844200216,0.29251511571339217,-0.07763313609467559
img648,56808,20013,32372,313307,89180,76821,21.107692307692307,18.18248520710059,0.520253129778905,0.6844296118693957,0.7394852969881419,0.6370038125133023,0.060041401656066244,0.3629961874859834,-2.9252071005917166
img1331,20425,7554,5920,388601,26345,27979,6.235502958579882,6.62224852071006,0.6025251482326838,0.7519696634990943,0.7300117945575967,0.7752894287311622,0.01906829397584279,0.22471057126589486,0.3867455621301783
img1180,69302,27580,10923,314695,80225,96882,18.98816568047337,22.930650887573965,0.6428458791330246,0.7826003489411584,0.7153237959572312,0.8638454347137876,0.08057848221459353,0.13615456528513556,3.942485207100596
img998,40897,18141,17018,346444,57915,59038,13.707692307692309,13.973491124260354,0.5377222046905731,0.6993749625912123,0.6927233307349627,0.7061555728210201,0.049757943963684735,0.2938444271777605,0.2657988165680454
img235,12662,2680,3843,403315,16505,15342,3.906508875739645,3.631242603550296,0.6599947875910347,0.7951769397406501,0.8253161256627212,0.7671614662177088,0.006601066515597482,0.23283853377764313,-0.27526627218934907
img956,66864,33114,37355,285167,104219,99978,24.667218934911244,23.663431952662723,0.486874968142772,0.6548969867330788,0.6687871331686283,0.6415720741893114,0.1040401406304492,0.35842792581007304,-1.0037869822485206
img1013,13901,10424,5559,392616,19460,24325,4.6059171597633135,5.757396449704142,0.4651653058477273,0.6349663126627042,0.5714696813953897,0.7143371017435028,0.025863437872171498,0.2856628982528263,1.1514792899408288
img1544,8316,3415,1988,408781,10304,11731,2.4388165680473373,2.776568047337278,0.6061666302164431,0.7547991831143417,0.7088909726305609,0.8070652173834717,0.008284893594309502,0.19293478260869565,0.33775147928994054
img1807,10281,4333,4536,403350,14817,14614,3.5069822485207096,3.4589349112426038,0.536866840728267,0.6986510821898724,0.7035034897994833,0.6938651548849708,0.010628355854916689,0.3061348451103462,-0.04804733727810584
img833,40523,19531,6492,355954,47015,60054,11.127810650887572,14.21396449704142,0.6089471944209885,0.7569511249747761,0.674776034900798,0.8619164096546593,0.05201539342450431,0.1380835903435074,3.0861538461538487
img174,69463,25068,20489,307480,89952,94531,21.290414201183435,22.374201183431957,0.6039210572069171,0.7530558371227956,0.7348171499288754,0.7722229633573771,0.07538159904735557,0.2277770366417645,1.0837869822485224
img1592,48314,25561,35158,313467,83472,73875,19.756686390532543,17.485207100591715,0.443113552777193,0.6141076728500613,0.6539966159043601,0.5788048686977924,0.07539495262928135,0.42119513130151426,-2.271479289940828
img1496,11282,6327,63589,341302,74871,17609,17.72094674556213,4.167810650887574,0.1389443089729563,0.2439878892730925,0.6406950990934142,0.1506858463221398,0.018200437823081502,0.849314153677659,-13.553136094674556
img191,12728,3595,16101,390076,28829,16323,6.823431952662721,3.8634319526627214,0.3925487293350834,0.5637845499633155,0.7797586227974039,0.4414998785929394,0.009131990926433494,0.5585001214055292,-2.96
img1142,64625,19388,12325,326162,76950,84013,18.21301775147929,19.884733727810648,0.6708152546236471,0.8029795667322285,0.769226191183782,0.8398310591282133,0.056107654463898135,0.16016894087069525,1.6717159763313596
img638,22940,8603,16685,374272,39625,31543,9.378698224852071,7.465798816568048,0.4756572945167213,0.6446717625890223,0.7272611989958873,0.5789274447934917,0.022469474371531177,0.4210725552050473,-1.912899408284023
img390,42283,22790,8236,349191,50519,65073,11.95715976331361,15.40189349112426,0.5767777489795567,0.7315904214818226,0.6497779416952503,0.836972228268895,0.06126657006675072,0.16302777172944832,3.4447337278106502
img118,74314,18162,37081,292943,111395,92476,26.365680473372784,21.887810650887573,0.573600808909921,0.7290296314822956,0.8036030970188983,0.6671215045552609,0.05837900387329037,0.3328784954441402,-4.477869822485211
img241,59614,21532,10680,330674,70294,81146,16.637633136094674,19.20615384615385,0.6492061072020461,0.7872952984675202,0.7346511226668786,0.8480666913238,0.06113467686524363,0.1519333086749936,2.5685207100591754
img1454,49498,19072,32182,321748,81680,68570,19.332544378698223,16.22958579881657,0.491285532792906,0.6588752079862503,0.7218608721004494,0.6059990205673286,0.055959157326447975,0.39400097943192947,-3.102958579881655
img1461,58832,24965,12164,326539,70996,83797,16.80378698224852,19.83360946745562,0.6130823980569053,0.7601377323259061,0.7020776400101411,0.8286664037398886,0.07102337384496336,0.17133359625894418,3.0298224852070987
img1509,85232,30990,22105,284173,107337,116222,25.405207100591717,27.50816568047337,0.6161631496377308,0.762501174186339,0.7333551306975157,0.7940598302535062,0.09833007047147031,0.20594016974575402,2.1029585798816512
img780,48802,15732,8310,349656,57112,64534,13.517633136094677,15.27431952662722,0.669952226675265,0.8023609489824554,0.7562215266359497,0.8544964280696622,0.043055601169168116,0.14550357192884159,1.7566863905325434
img960,69071,29537,15072,308820,84143,98608,19.91550295857988,23.339171597633136,0.6075914848692755,0.7559028404765195,0.7004604088910631,0.8208763652343976,0.08729537145677495,0.1791236347646269,3.4236686390532576
img555,30876,6686,15780,369158,46656,37562,11.042840236686391,8.890414201183432,0.5788309399711694,0.7332399249557895,0.8220009584132314,0.6617798353895281,0.01778929555879567,0.3382201646090535,-2.152426035502959
img332,76048,26027,20198,300227,96246,102075,22.780118343195262,24.159763313609467,0.6219525160905335,0.7669182789514136,0.7450208180252315,0.7901419279754066,0.07977526712316171,0.2098580720237724,1.3796449704142049
img703,28124,9953,6912,377511,35036,38077,8.292544378698224,9.012307692307692,0.6251305874755493,0.7693296677734885,0.7386086088695575,0.8027172051581153,0.025687547746371275,0.19728279483959357,0.7197633136094677
img1170,36643,20769,7397,357691,44040,57412,10.423668639053254,13.588639053254436,0.5653998673015084,0.7223711706021346,0.6382463596449554,0.8320390554022887,0.0548776621043175,0.16796094459582198,3.164970414201182
img137,41751,15867,9528,355354,51279,57618,12.137041420118342,13.63739644970414,0.621794298989334,0.766797983414817,0.7246173070902763,0.8141929444786088,0.04274273276565711,0.18580705551980342,1.5003550295857977
img641,76676,25137,20610,300077,97286,101813,23.02627218934911,24.09775147928994,0.6263202176056571,0.7702298856343979,0.7531061848675974,0.788150401906967,0.07729372044253938,0.21184959809222292,1.0714792899408287
img510,34689,5965,217052,164794,251741,40654,59.58366863905326,9.62224852071006,0.1346068776046601,0.2372749192016836,0.8532739705789018,0.1377963859680633,0.03493227296950673,0.862203614031882,-49.9614201183432
img693,42378,7588,47042,325492,89420,49966,21.16449704142012,11.826272189349114,0.4368505690247847,0.6080668072829352,0.8481367329767279,0.4739208230815545,0.02278131379848685,0.5260791769179155,-9.338224852071006
img1754,3077,1540,547,417336,3624,4617,0.8577514792899409,1.0927810650887575,0.5958559256275009,0.7467540346954646,0.6664500757923663,0.8490618101310966,0.0036765056961964877,0.1509381898454746,0.2350295857988166
img304,58339,15789,12577,335795,70916,74128,16.78485207100592,17.54508875739645,0.6728447033035316,0.8044317586382033,0.7870035614062338,0.8226493316024273,0.044908186948211526,0.17735066839641267,0.760236686390531
img907,30753,11273,6375,374099,37128,42026,8.787692307692307,9.94698224852071,0.6353794343078958,0.7770422214912992,0.731761290627869,0.8282967032944724,0.02925225496403475,0.1717032967032967,1.159289940828403
img1700,762,254,37,421447,799,1016,0.1891124260355029,0.240473372781065,0.7236467235780012,0.8396694214413405,0.7499999999261812,0.9536921150245692,0.0006023224986424031,0.04630788485607009,0.0513609467455621
img90,4967,1527,819,415187,5786,6494,1.3694674556213018,1.537041420118343,0.6792014221156953,0.8089576547165394,0.7648598706380527,0.8584514344822252,0.0036643837260087256,0.14154856550293812,0.16757396449704132
img653,44073,20137,15393,342897,59466,64210,14.074792899408283,15.197633136094671,0.5536600379375731,0.7127170995175194,0.6863884130187099,0.7411462011893499,0.05546863379187624,0.2588537988094037,1.1228402366863879
img1400,82127,33726,19606,287041,101733,115853,24.078816568047337,27.420828402366865,0.6062867731190941,0.7548923184392585,0.708889713688287,0.8072798403656559,0.10514173839578261,0.19272015963355058,3.3420118343195284
img674,17082,6135,14397,384886,31479,23217,7.450650887573965,5.495147928994083,0.4541394161736211,0.6246160596741542,0.7357539733784048,0.5426474792701717,0.015689694415389456,0.45735252072810445,-1.9555029585798822
img1446,61384,27042,25053,309021,86437,88426,20.45846153846154,20.92923076923077,0.5409282774781757,0.7020810577419454,0.6941849682212311,0.7101588440127374,0.08046705528427706,0.289841155986441,0.47076923076923194
img197,30800,10049,3961,377690,34761,40849,8.227455621301775,9.668402366863903,0.6873465744238175,0.8147070493310214,0.7539964258592524,0.8860504588450101,0.02591691833939841,0.11394954115244095,1.4409467455621279
img1633,30301,9777,6355,376067,36656,40078,8.675976331360946,9.485917159763313,0.6525746774908953,0.7897672478942975,0.7560507011309046,0.8266313836729958,0.02533925627974,0.173368616324749,0.8099408284023664
img385,60990,22531,14256,324723,75246,83521,17.809704142011835,19.76828402366864,0.6237663254133142,0.7682956785725192,0.7302355096314337,0.8105414241277802,0.06488334187655145,0.18945857587114265,1.9585798816568065
img1086,63442,31730,9735,317593,73177,95172,17.32,22.525917159763317,0.6047451552321534,0.7536961906511154,0.6666036229136021,0.8669663965441778,0.09083283952101637,0.13303360345463738,5.205917159763317
img283,14764,4646,3470,399620,18234,19410,4.315739644970415,4.594082840236687,0.6452797202769,0.784401232598065,0.7606388459517741,0.8096961719819584,0.011492433199922823,0.19030382801360096,0.27834319526627205
img651,66025,24796,11357,320322,77382,90821,18.315266272189348,21.49609467455621,0.6461762806077177,0.7850632866234342,0.7269794430795444,0.8532346023612039,0.07184788970728852,0.14676539763769353,3.1808284023668634
img652,63523,28000,11817,319160,75340,91523,17.831952662721893,21.662248520710055,0.6146990516734907,0.7613790954251324,0.6940659724870316,0.8431510485786525,0.08065445327802742,0.1568489514202283,3.830295857988162
img1092,32620,13405,7223,369252,39843,46025,9.430295857988169,10.893491124260354,0.6126051682680803,0.7597708110113666,0.708745247146749,0.8187134502903428,0.03503137274373656,0.18128654970760233,1.4631952662721854
img792,56053,11123,9541,345783,65594,67176,15.525207100591714,15.8996449704142,0.7306464017092292,0.8443624312714888,0.8344200309621972,0.8545446229825067,0.031165068673544294,0.14545537701619052,0.3744378698224864
img1270,79712,39474,20910,282404,100622,119186,23.81585798816568,28.209704142011837,0.5689812699858889,0.7252875236566798,0.6688033829471005,0.7921925622619386,0.12263652688285624,0.20780743773727414,4.393846153846159
img1052,55599,14229,34818,317854,90417,69828,21.400473372781065,16.527337278106508,0.5313055444063497,0.6939249274544017,0.7962278742040496,0.6149175486903846,0.042847721804488634,0.38508245130893526,-4.873136094674557
img305,86219,33168,27423,275690,113642,119387,26.897514792899408,28.25727810650888,0.5872828826370224,0.7399851520623013,0.7221808069549263,0.7586895689967101,0.10738915618180524,0.24131043100262228,1.3597633136094736
img969,54634,23903,8142,335821,62776,78537,14.858224852071006,18.58863905325444,0.6303026107815846,0.7732338850631059,0.6956466378895353,0.8703007518783129,0.0664481658160145,0.12969924812030076,3.730414201183434
img863,74212,25808,13351,309129,87563,100020,20.72497041420118,23.673372781065087,0.6545942083948676,0.7912444091411315,0.7419716056781224,0.8475269234712749,0.077053296590105,0.15247307652775716,2.948402366863906
img392,1583,392,1453,419072,3036,1975,0.7185798816568048,0.4674556213017751,0.4617852975361206,0.6318100179478785,0.8015189873011889,0.521409749653445,0.000934525966471497,0.47859025032938074,-0.25112426035502966
img816,54090,19295,10778,338337,64868,73385,15.353372781065088,17.36923076923077,0.642681463350115,0.7824784995618305,0.7370716086383633,0.8338471973841742,0.05395210719398712,0.1661528026145403,2.015857988165683
img1010,57044,20678,9923,334855,66967,77722,15.850177514792898,18.39573964497041,0.6508528723821657,0.7885050003795807,0.73394920357076,0.8518225394584619,0.05816056456081432,0.1481774605402661,2.54556213017751
img1420,2908,376,1406,417810,4314,3284,1.0210650887573964,0.7772781065088757,0.6200426439100204,0.7654645959362271,0.8855054810936205,0.674084376433146,0.000899121443568173,0.32591562355122855,-0.2437869822485207
img1459,27877,10391,27665,356567,55542,38268,13.14603550295858,9.057514792899408,0.4228080020620587,0.5943289627965096,0.7284676492089253,0.5019084656647187,0.028316592089557932,0.4980915343343776,-4.088520710059171
img512,2925,2239,1049,416287,3974,5164,0.9405917159763312,1.222248520710059,0.4707870593840208,0.6401838476620684,0.5664213787651738,0.7360342224273771,0.005349727376554861,0.26396577755410167,0.2816568047337279
img1735,12418,3671,3890,402521,16308,16089,3.859881656804734,3.8080473372781065,0.6215526302586638,0.7666141926697947,0.7718316862404634,0.7614667647733537,0.009037597983219759,0.23853323522197695,-0.051834319526627315
img328,63367,16201,11639,331293,75006,79568,17.752899408284023,18.83266272189349,0.6947602705925041,0.8198920905192206,0.7963879951729383,0.8448257472724251,0.04662238772468014,0.15517425272644855,1.0797633136094689
img1230,42935,19007,53975,306583,96910,61942,22.93727810650888,14.660828402366862,0.3703943338765061,0.5405660614908591,0.6931484291745614,0.4430399339588866,0.05837710003378482,0.5569600660406563,-8.276449704142019
img1540,46791,27381,25952,322376,72743,74172,17.217278106508875,17.555502958579883,0.4673305101669257,0.6369805669940871,0.6308445235390298,0.6432371499654355,0.07828578127099672,0.3567628500336802,0.33822485207100783
img691,68023,24795,15485,314197,83508,92818,19.76520710059172,21.968757396449703,0.6280804779178526,0.771559497748051,0.7328643151105035,0.8145686640791127,0.07314331901637797,0.18543133591991187,2.2035502958579833
img478,60732,25019,11660,325089,72392,85751,17.13420118343195,20.296094674556212,0.623461416061201,0.7680643468248559,0.7082366386389567,0.8389324787257723,0.07146080637974568,0.16106752127306884,3.1618934911242604
