epoch,train_loss,train_iou,train_dice,train_precision,train_recall,val_loss,val_iou,val_dice,val_precision,val_recall
1,0.613227129971559,0.3502636354136388,0.5135458684897265,0.4689620538507547,0.61669484070972,0.4840748403727537,0.3501278821602274,0.4841221939743858,0.49436736515514096,0.5126201362296825
2,0.49982295752362865,0.4276405077064987,0.5951795872399764,0.5737127602199273,0.6508646441244446,0.5724436299307925,0.3139322575143709,0.45211590056744766,0.35989669037564676,0.6468900823585537
3,0.47449863135023457,0.45212373094616737,0.619160183169673,0.6045677309476696,0.66677170299587,0.4396180204868115,0.3821488672829404,0.5166525713035038,0.5692432100827597,0.5016224813096377
4,0.459174077265558,0.46710309015372686,0.6319465498250406,0.6208433491153131,0.6792852670877381,0.44955156252040573,0.38195785955164807,0.517161121116761,0.4610710555440461,0.6318260557493385
5,0.4374055948800745,0.4863485602942188,0.6506745194505273,0.6481228474758368,0.6854623737456524,0.6288972677039348,0.30457717663019285,0.4405403006821871,0.31629148197873513,0.7870643463517938
6,0.4172680320597328,0.5042992887639366,0.6667070464288767,0.657984427250592,0.7060872405371835,0.7721881869480319,0.22982179319244875,0.3527887430343758,0.2419985200222629,0.7620064349255847
7,0.41416828037626974,0.5056682775308073,0.6687796140270951,0.6529768229651768,0.7150387688811901,0.3763957302007592,0.44572150988542303,0.5739902438861983,0.6500581315889651,0.5405606666237724
8,0.398829256110223,0.5201922466863046,0.6815524677523469,0.6755006774205022,0.7140060769377556,0.42567961577994917,0.4034415982011468,0.5408209126085703,0.4733838093115435,0.6579419012544961
9,0.39239960183612016,0.5260675880497536,0.6866731712248473,0.6879750767112833,0.7089842215707872,0.42549433171591833,0.4393067933162864,0.5720850661092874,0.5001365892132934,0.6936566498206587
10,0.40398908274627365,0.5153591620974836,0.677163975824297,0.6817520908945429,0.6970004349683239,0.462402222287221,0.3499006381144329,0.4862242059744134,0.6935315332850631,0.38616250759484816
