grid_x,grid_y,building_count,total_building_area_m2,mean_building_area_m2,x_min_m,x_max_m,y_min_m,y_max_m,grid_area_km2,building_area_km2,building_coverage_percent
0,6,2,61.027609988675884,30.513804994337942,440754.26156008936,441754.26156008936,5431233.824338488,5432233.824338488,1.0,6.102760998867589e-05,0.006102760998867589
0,7,15,7308.4565246077245,487.2304349738483,440754.26156008936,441754.26156008936,5432233.824338488,5433233.824338488,1.0,0.007308456524607725,0.7308456524607725
0,8,22,1308.898705332227,59.49539569691942,440754.26156008936,441754.26156008936,5433233.824338488,5434233.824338488,1.0,0.001308898705332227,0.1308898705332227
1,4,194,22481.40205973402,115.88351577182485,441754.26156008936,442754.26156008936,5429233.824338488,5430233.824338488,1.0,0.02248140205973402,2.248140205973402
1,5,519,60028.045467354204,115.66097392553796,441754.26156008936,442754.26156008936,5430233.824338488,5431233.824338488,1.0,0.060028045467354206,6.002804546735421
1,6,311,28844.836284512705,92.74866972512123,441754.26156008936,442754.26156008936,5431233.824338488,5432233.824338488,1.0,0.028844836284512704,2.8844836284512705
1,7,9,849.4303017838934,94.38114464265482,441754.26156008936,442754.26156008936,5432233.824338488,5433233.824338488,1.0,0.0008494303017838933,0.08494303017838933
2,3,64,6243.304185076071,97.55162789181361,442754.26156008936,443754.26156008936,5428233.824338488,5429233.824338488,1.0,0.006243304185076071,0.6243304185076071
2,4,381,51795.81450527581,135.94701969888663,442754.26156008936,443754.26156008936,5429233.824338488,5430233.824338488,1.0,0.05179581450527581,5.179581450527581
2,5,585,85646.6689701796,146.40456234218735,442754.26156008936,443754.26156008936,5430233.824338488,5431233.824338488,1.0,0.0856466689701796,8.56466689701796
2,6,144,18470.77500851794,128.26927089248568,442754.26156008936,443754.26156008936,5431233.824338488,5432233.824338488,1.0,0.018470775008517938,1.847077500851794
2,7,20,1792.6146196391253,89.63073098195626,442754.26156008936,443754.26156008936,5432233.824338488,5433233.824338488,1.0,0.0017926146196391253,0.17926146196391252
3,0,14,9377.559716089614,669.825694006401,443754.26156008936,444754.26156008936,5425233.824338488,5426233.824338488,1.0,0.009377559716089614,0.9377559716089614
3,1,11,2856.589291054396,259.68993555039964,443754.26156008936,444754.26156008936,5426233.824338488,5427233.824338488,1.0,0.0028565892910543964,0.28565892910543966
3,3,285,43057.359403874216,151.07845404868146,443754.26156008936,444754.26156008936,5428233.824338488,5429233.824338488,1.0,0.043057359403874215,4.305735940387422
3,4,1218,110413.7642345526,90.65169477385271,443754.26156008936,444754.26156008936,5429233.824338488,5430233.824338488,1.0,0.1104137642345526,11.04137642345526
3,5,411,40091.060014675575,97.54515818655858,443754.26156008936,444754.26156008936,5430233.824338488,5431233.824338488,1.0,0.04009106001467558,4.009106001467558
3,7,40,4515.50841991554,112.88771049788849,443754.26156008936,444754.26156008936,5432233.824338488,5433233.824338488,1.0,0.0045155084199155395,0.45155084199155393
4,0,513,52048.51803116251,101.45909947595031,444754.26156008936,445754.26156008936,5425233.824338488,5426233.824338488,1.0,0.052048518031162505,5.2048518031162505
4,1,666,117946.06081713538,177.09618741311618,444754.26156008936,445754.26156008936,5426233.824338488,5427233.824338488,1.0,0.11794606081713538,11.794606081713537
4,2,704,86803.48862986123,123.30040998559834,444754.26156008936,445754.26156008936,5427233.824338488,5428233.824338488,1.0,0.08680348862986123,8.680348862986124
4,3,1272,120551.42508771013,94.77313293058972,444754.26156008936,445754.26156008936,5428233.824338488,5429233.824338488,1.0,0.12055142508771013,12.055142508771013
4,4,631,61895.79718631599,98.09159617482725,444754.26156008936,445754.26156008936,5429233.824338488,5430233.824338488,1.0,0.06189579718631599,6.189579718631599
4,5,39,3738.3613434129848,95.8554190618714,444754.26156008936,445754.26156008936,5430233.824338488,5431233.824338488,1.0,0.0037383613434129846,0.3738361343412985
4,8,142,14880.251798021918,104.79050561987266,444754.26156008936,445754.26156008936,5433233.824338488,5434233.824338488,1.0,0.014880251798021918,1.4880251798021917
5,0,662,77761.53297099067,117.46455131569587,445754.26156008936,446754.26156008936,5425233.824338488,5426233.824338488,1.0,0.07776153297099067,7.776153297099067
5,1,1106,123345.01440577504,111.52352116254525,445754.26156008936,446754.26156008936,5426233.824338488,5427233.824338488,1.0,0.12334501440577504,12.334501440577505
5,2,924,103361.35050710899,111.86293344925215,445754.26156008936,446754.26156008936,5427233.824338488,5428233.824338488,1.0,0.10336135050710898,10.336135050710899
5,3,655,64961.72612028766,99.17820781723307,445754.26156008936,446754.26156008936,5428233.824338488,5429233.824338488,1.0,0.06496172612028767,6.496172612028767
5,4,183,25384.592971978665,138.71362279769764,445754.26156008936,446754.26156008936,5429233.824338488,5430233.824338488,1.0,0.025384592971978665,2.5384592971978663
5,5,4,494.66841614934765,123.66710403733691,445754.26156008936,446754.26156008936,5430233.824338488,5431233.824338488,1.0,0.0004946684161493477,0.04946684161493477
5,8,121,15496.504191140502,128.0702825714091,445754.26156008936,446754.26156008936,5433233.824338488,5434233.824338488,1.0,0.015496504191140502,1.5496504191140503
6,0,781,82041.36943215168,105.0465677748421,446754.26156008936,447754.26156008936,5425233.824338488,5426233.824338488,1.0,0.08204136943215168,8.204136943215168
6,1,869,112623.49761180014,129.60126307456864,446754.26156008936,447754.26156008936,5426233.824338488,5427233.824338488,1.0,0.11262349761180014,11.262349761180014
6,2,524,69008.92099271865,131.6964141082417,446754.26156008936,447754.26156008936,5427233.824338488,5428233.824338488,1.0,0.06900892099271864,6.900892099271864
6,3,518,59223.144705700826,114.33039518475063,446754.26156008936,447754.26156008936,5428233.824338488,5429233.824338488,1.0,0.05922314470570083,5.9223144705700825
6,4,66,10079.47022198179,152.7192457876029,446754.26156008936,447754.26156008936,5429233.824338488,5430233.824338488,1.0,0.01007947022198179,1.007947022198179
6,5,1,34.06539081671717,34.06539081671717,446754.26156008936,447754.26156008936,5430233.824338488,5431233.824338488,1.0,3.406539081671717e-05,0.0034065390816717172
7,0,344,44203.991816865804,128.4999762118192,447754.26156008936,448754.26156008936,5425233.824338488,5426233.824338488,1.0,0.0442039918168658,4.42039918168658
7,1,378,90634.40017101917,239.77354542597664,447754.26156008936,448754.26156008936,5426233.824338488,5427233.824338488,1.0,0.09063440017101916,9.063440017101916
7,2,572,76510.8306831535,133.76019350201662,447754.26156008936,448754.26156008936,5427233.824338488,5428233.824338488,1.0,0.07651083068315351,7.651083068315351
7,3,240,25567.767902108513,106.53236625878547,447754.26156008936,448754.26156008936,5428233.824338488,5429233.824338488,1.0,0.025567767902108515,2.5567767902108516
7,4,180,22594.810160351546,125.52672311306415,447754.26156008936,448754.26156008936,5429233.824338488,5430233.824338488,1.0,0.022594810160351544,2.2594810160351546
7,5,8,6265.235613870249,783.1544517337811,447754.26156008936,448754.26156008936,5430233.824338488,5431233.824338488,1.0,0.006265235613870249,0.6265235613870249
7,7,90,26170.51712791315,290.78352364347944,447754.26156008936,448754.26156008936,5432233.824338488,5433233.824338488,1.0,0.02617051712791315,2.617051712791315
7,8,12,698.363699923383,58.19697499361525,447754.26156008936,448754.26156008936,5433233.824338488,5434233.824338488,1.0,0.000698363699923383,0.0698363699923383
8,7,24,1928.2526209194907,80.34385920497878,448754.26156008936,449754.26156008936,5432233.824338488,5433233.824338488,1.0,0.0019282526209194906,0.19282526209194906
8,8,4,608.1156939996852,152.0289234999213,448754.26156008936,449754.26156008936,5433233.824338488,5434233.824338488,1.0,0.0006081156939996852,0.06081156939996852
